metric,model,reconstruction_centre,filled_points,max_abs_error_percentage_points,median_abs_error_percentage_points,pearson_r
Top-1 accuracy,NeuroSTORM,93.4,400,0.00013406042664598772,3.70790295818324e-05,0.9999999999632521
Top-1 accuracy,SwiFT,91.7,400,0.0001239072316536749,2.5703058959436476e-05,0.9999999999772474
Top-1 accuracy,TFF,89.8,400,0.0001150670684353372,4.244338676073767e-05,0.9999999999815016
Top-1 accuracy,BrainLM,90.6,400,0.00015431725893222392,7.204232884561179e-05,0.9999999999614468
Top-1 accuracy,Com-brainTF,88.6,400,0.00010678187896928648,3.0296066469759353e-05,0.9999999999845275
Top-1 accuracy,LG-GNN,89.1,400,0.00010678187896928648,1.1966536170859854e-05,0.9999999999763186
Top-1 accuracy,BNT,85.3,400,0.00010431209102534922,3.9848443726953064e-05,0.9999999999844561
Top-1 accuracy,BrainGNN,87.5,400,6.853320313382483e-05,3.437791318106065e-05,0.9999999999936391
mAP,NeuroSTORM,92.5,400,0.0014678869248427873,0.0005856544980247236,0.9999999960973092
mAP,SwiFT,90.1,400,0.0012091936840903372,0.0005205528423033456,0.9999999973075754
mAP,TFF,87.3,400,0.0010491266539105482,0.0005272664271274152,0.9999999981214738
mAP,BrainLM,88.7,400,0.001138640982063066,0.0005027644963178091,0.9999999974974135
mAP,Com-brainTF,86.9,400,0.0012307856194269107,0.0005882116383801872,0.9999999972467771
mAP,LG-GNN,87.5,400,0.0011033646310636414,0.0005064148739961638,0.9999999980008459
mAP,BNT,82.2,400,0.0009973262239100222,0.0004455930752413906,0.9999999985385435
mAP,BrainGNN,85.5,400,0.0011271868129227869,0.0005182036652797706,0.9999999978180949
